{"options":{"check_for_updates":true,"user_modified":1729814014057,"comment":null,"compatopts_for_requires":true,"compat_wrappedjsobject":false,"compat_metadata":false,"compat_foreach":false,"compat_powerful_this":null,"sandbox":null,"noframes":null,"unwrap":null,"run_at":null,"run_in":null,"tags":[],"override":{"merge_connects":true,"merge_excludes":true,"merge_includes":true,"merge_matches":true,"orig_connects":[],"orig_excludes":[],"orig_includes":[],"orig_matches":["https://www.hackerrank.com/domains/java*"],"orig_noframes":null,"orig_run_at":"document-idle","orig_run_in":[],"orig_tags":[],"use_blockers":[],"use_connects":[],"use_excludes":[],"use_includes":[],"use_matches":[]}},"settings":{"enabled":true,"position":1},"meta":{"name":"Hackerrank Faker","uuid":"7ae8d742-a76e-4197-ab58-865acae718fa","modified":1729814014057}}